Id,Customer ID,Name,Birth Date,Phone No.,Email Id,Credit card,Card Expiry,Address,Zip Code,City,State,Country,Year,Aadhar,Time
1,0DAC1DAC9,Tracy Collins,15-08-1998,487647593,TracyCollins@yahoo.com,4219489241157811,05/28,H.No. 93 Khare Circle,786585,Saharsa,Himachal Pradesh,India,2011,416097535130,19:56:43
2,0BDE3BDE0,Jessica Castillo,26-06-2000,1158714841,JessicaCastillo@gmail.com,349894719659340,06/25,094- Banerjee Chowk,234568,Bikaner,Chhattisgarh,India,2010,586848339691,19:21:36
3,1ACE0ACE4,Nancy Smith,27-04-1994,1591795330,NancySmith@hotmail.com,4352560123098910139,02/32,15- Badami Zila,234528,Jammu,Goa,India,2022,473008691411,20:47:03
4,7BBE1BBE0,James Chandler,09-04-1982,870916345,JamesChandler@hotmail.com,30230225841979,04/25,69- Dugal Circle,234528,Munger,Uttarakhand,India,2021,428071508421,18:07:07
5,4BFC7BFC8,Mr. Ryan Cox,04-08-1989,5992466109,Mr.RyanCox@gmail.com,3523376960696025,11/29,H.No. 27- Wali Circle,879676,Kishanganj,Punjab,India,2010,175470638123,05:04:10
6,4FBE9FBE0,Gabriel Cole,13-07-1984,89131934,GabrielCole@hotmail.com,3517610471428512,12/24,H.No. 003 Mallick Road,394857,Ambarnath,Odisha,India,2010,376582369405,16:49:54
7,1BFB1BFB0,Deborah Mendoza,27-12-1994,1590042294,DeborahMendoza@gmail.com,6011417304281462,11/27,11 Khosla Circle,968576,Naihati,Uttarakhand,India,2015,771760452298,09:53:02
8,2AFE6AFE7,Vicki Lee,06-10-1975,3306016884,VickiLee@hotmail.com,30361534926357,04/24,08/731- Issac Chowk,768576,Dhule,Rajasthan,India,2010,892137658217,13:15:11
9,3ABD6ABD8,Joseph Ponce,20-10-1998,8757738930,JosephPonce@hotmail.com,3550824926947111,02/31,H.No. 320- Amble Road,809676,Bathinda,West Bengal,India,2012,275868809185,22:12:45
10,0CDC5CDC3,Evan Jones,17-09-1989,8967699300,EvanJones@hotmail.com,4894517446660221,05/26,50/076 Korpal Street,394857,Saharanpur,Uttar Pradesh,India,2016,109767017204,20:00:16
11,2BFE4BFE2,Brian Mitchell,02-03-1977,8536710979,BrianMitchell@yahoo.com,349426418306756,07/25,H.No. 10 Kibe Nagar,786565,Indore,Mizoram,India,2021,731886841261,15:04:23
12,2FBE2FBE3,Adrian Brown,01-10-1976,6207660754,AdrianBrown@yahoo.com,341505520351921,11/25,104- Sant Path,530493,Mahbubnagar,Haryana,India,2012,871754203556,09:46:48
13,6ABE0ABE6,Jessica Aguirre,02-04-1992,2911894262,JessicaAguirre@hotmail.com,4833245602909,01/29,12/648- Shanker Marg,202110,Gudivada,Maharashtra,India,2015,613758066062,12:08:44
14,3AEA4AEA0,Paul Gonzalez,16-01-2002,1214189276,PaulGonzalez@hotmail.com,6523758257173409,12/29,H.No. 341 Mahajan Road,647989,Khandwa,Tamil Nadu,India,2018,573864014002,23:55:26
15,6CBE8CBE4,Natalie Watson,11-03-1987,5439101448,NatalieWatson@hotmail.com,2632164482983810,04/29,44/759 Brar Street,879676,Jamshedpur,Madhya Pradesh,India,2016,628457637781,14:46:51
16,1BAF0BAF1,Jeremy Robinson,20-09-1979,7093057608,JeremyRobinson@hotmail.com,4605019044329432,02/24,56 Gandhi Street,540493,Raebareli,Chhattisgarh,India,2017,785232756672,20:36:05
17,6AFE5AFE2,Dr. Jennifer Jones,23-11-1999,3906031250,Dr.JenniferJones@hotmail.com,4394918456708865,03/32,47 Ganguly Ganj,879676,Kalyan-Dombivli,Arunachal Pradesh,India,2010,950402163964,07:30:02
18,4ADB2ADB1,Andrew Harris,18-12-1976,9155875408,AndrewHarris@yahoo.com,4138533444869,08/26,H.No. 30 Majumdar Road,994857,Bangalore,Manipur,India,2018,306777111312,08:16:56
19,1CFA3CFA2,Lisa Butler,02-04-1975,6860237324,LisaButler@gmail.com,371849834789787,10/26,019 Chadha Zila,607989,Kulti,Gujarat,India,2014,488601641951,06:51:27
20,3AFB0AFB4,Cory Shelton,05-05-1986,1845357492,CoryShelton@gmail.com,676185590269,12/24,12/37- Sinha,530413,Noida,Telangana,India,2012,665992719088,02:39:09
21,0FEA5FEA9,Mr. Randy Porter PhD,22-12-1984,8277851429,Mr.RandyPorterPhD@yahoo.com,3554603053573452,01/25,H.No. 598 Setty Nagar,540493,Nagercoil,Andhra Pradesh,India,2018,303003510565,17:45:55
22,3EDD1EDD3,Holly Johnson,14-05-1994,4256606488,HollyJohnson@yahoo.com,4091662082982157,05/26,028- Sekhon Street,540493,Purnia,West Bengal,India,2020,197299045603,17:17:22
23,8DEB8DEB4,Angela Hooper,06-04-1980,7385265476,AngelaHooper@gmail.com,4870898407616570044,11/22,94/388 Hans Path,829676,Dhule,Bihar,India,2019,339852250903,14:40:55
24,3DCB8DCB0,Charles Dennis,20-12-1989,5769620290,CharlesDennis@gmail.com,4074931864282123,03/32,89/66- Dugal Road,786585,Ahmedabad,Maharashtra,India,2022,948885536201,19:45:06
25,2ECA8ECA7,Joe Barton,22-06-1972,8693058235,JoeBarton@gmail.com,3503934261973784,01/24,716- Deshpande Marg,355654,Junagadh,Tripura,India,2016,714070436668,11:50:13
26,9CAB3CAB8,Nicole Hall,17-02-1994,9294506782,NicoleHall@hotmail.com,2715501318705059,01/29,46/292- Verma Marg,530493,Sasaram,Arunachal Pradesh,India,2012,227080862591,12:58:39
27,7EDE4EDE1,Julian Turner,05-10-1987,5448727820,JulianTurner@yahoo.com,3580513793782529,06/30,18/50- Ben Zila,584574,Narasaraopet,Kerala,India,2019,156851250225,06:54:39
28,8EBA7EBA0,Pamela Johnson,22-03-1974,4609251607,PamelaJohnson@yahoo.com,3549762074361517,06/24,H.No. 02- Randhawa Marg,647989,North Dumdum,Manipur,India,2019,671086408117,19:11:00
29,5DEC4DEC9,Tim Hernandez,01-07-1980,8400652822,TimHernandez@gmail.com,4950760334523538,02/25,59 Hans Street,607989,Ujjain,Odisha,India,2010,322005800014,14:46:53
30,9CEA8CEA7,Miguel Haynes,30-06-1998,6953258386,MiguelHaynes@gmail.com,4951663763637697,07/23,H.No. 85 Apte Circle,530413,Patiala,Himachal Pradesh,India,2010,261802606663,13:28:23
31,5EAB2EAB4,William Williams,25-12-1980,2576294815,WilliamWilliams@yahoo.com,4780342954604868,12/22,H.No. 63 Bhavsar Path,786585,Bhubaneswar,Punjab,India,2016,306967116881,07:25:12
32,4FBF4FBF4,Todd Thornton,14-07-1985,827594516,ToddThornton@hotmail.com,4858268436567844,04/29,H.No. 220 Rajan,407989,Kurnool,Punjab,India,2020,649261001576,19:31:04
33,9CAF3CAF3,Daniel Brown,12-04-1987,7328818202,DanielBrown@hotmail.com,6011764092627905,09/28,96/538- Bahri Chowk,607989,Udupi,Bihar,India,2014,386742385241,19:57:49
34,8BCC7BCC3,Joseph Graham,05-10-1996,9681473142,JosephGraham@hotmail.com,5502983006897176,11/31,H.No. 10 Comar Ganj,599574,Bijapur,Himachal Pradesh,India,2013,675851149632,20:12:24
35,1AAE6AAE2,April Wilson,25-07-1983,7546921658,AprilWilson@gmail.com,4564564174176,12/24,257 Bhakta Ganj,355654,Pali,Manipur,India,2018,199368473583,01:40:04
36,2FEE3FEE4,Charles Henderson,22-06-1985,6090614352,CharlesHenderson@yahoo.com,4030068021993178,09/25,96/18- Dada Street,599574,Vijayanagaram,Madhya Pradesh,India,2018,663609409557,09:03:21
37,7EFD4EFD5,Christopher Snyder,08-03-2005,1411402926,ChristopherSnyder@hotmail.com,3536881817187727,01/30,646 Mandal Zila,786565,Muzaffarpur,Manipur,India,2014,476070867363,17:43:19
38,6EAD1EAD5,Tyler Davis,14-07-1985,7457928134,TylerDavis@gmail.com,4025059276367322,12/28,H.No. 83- Chand Path,540493,Saharanpur,Rajasthan,India,2021,493970379589,18:51:05
39,9FBE1FBE0,Joseph Gregory,12-07-1986,7931864573,JosephGregory@hotmail.com,377675712312671,07/31,H.No. 00- Chawla Marg,234528,Haridwar,Odisha,India,2019,283028746883,17:57:43
40,0EDF9EDF2,Kara Santana,18-11-1983,6954103909,KaraSantana@yahoo.com,347419743668539,10/26,H.No. 259- Kibe,234528,Hajipur,Meghalaya,India,2017,460169220163,03:43:43
41,1FEF3FEF8,Brian Anderson,09-11-1977,5459388058,BrianAnderson@gmail.com,503870452516,11/31,H.No. 491 Barad Circle,232568,Shivpuri,Arunachal Pradesh,India,2018,651832363972,03:45:28
42,3EDC4EDC9,Anna Fernandez,19-09-1993,8337524801,AnnaFernandez@gmail.com,375019041243889,03/28,H.No. 688 Bhat Marg,968576,Guntakal,Manipur,India,2015,643640004153,18:51:59
43,0FFE2FFE0,Anthony Mitchell,07-12-1986,8249066493,AnthonyMitchell@hotmail.com,377165280376035,09/23,H.No. 227 Warrior Nagar,607989,Hajipur,Maharashtra,India,2012,474466702856,07:50:56
44,2DFB6DFB3,Angela Williams,22-06-1990,2284802362,AngelaWilliams@yahoo.com,213192384073068,03/25,63/68 Koshy Circle,786565,Cuttack,West Bengal,India,2011,210367465643,21:35:22
45,5ABA5ABA2,Jamie Spencer,14-04-1984,81737298,JamieSpencer@gmail.com,676225554846,08/24,39- Gara Marg,232568,Barasat,Manipur,India,2012,445596696846,21:29:11
46,4CCA9CCA8,Catherine Turner,01-01-2005,2829888754,CatherineTurner@yahoo.com,4803471039140329252,11/26,00/924- Hegde Ganj,607989,Mirzapur,West Bengal,India,2016,496102098456,04:17:27
47,4CBD5CBD8,Andrew Tanner,03-03-1982,7299869300,AndrewTanner@yahoo.com,3528164593052542,08/30,54/17 Yadav Street,540493,Anand,Himachal Pradesh,India,2019,397629621913,17:13:05
48,4AAA9AAA6,Alicia Clark,21-10-1976,6441588100,AliciaClark@gmail.com,639021667055,09/24,69/303- Zacharia Marg,786565,Nashik,Punjab,India,2016,384668078288,16:58:37
49,3CEA3CEA4,Joshua Marshall,29-01-1976,9744436008,JoshuaMarshall@gmail.com,676342282156,06/22,591 Grewal Zila,768576,Nizamabad,Manipur,India,2015,878811576684,04:54:13
50,1FDF1FDF3,Holly Davis,04-12-1984,2685212206,HollyDavis@gmail.com,3518494576959781,03/28,06/55- Aggarwal Circle,345654,Ramgarh,Assam,India,2018,656938088100,22:57:24
51,9BFD6BFD7,Kyle Rivera,28-04-1988,7760375207,KyleRivera@hotmail.com,4649730799297594,11/27,28/66 Gour Ganj,968576,Sagar,Haryana,India,2013,638957395921,02:06:57
52,1CAF0CAF3,Andrew Lawrence,16-06-2007,2891773295,AndrewLawrence@yahoo.com,4873464835657,09/22,392- Karnik Circle,599574,Chandrapur,Mizoram,India,2014,965601052495,14:46:50
53,5BBC8BBC8,Nicole Martin,26-03-1998,7531118098,NicoleMartin@hotmail.com,3593001419629980,09/25,H.No. 22 Chowdhury,647989,Bikaner,Haryana,India,2014,142943126235,07:18:12
54,7AED3AED0,Mathew Hernandez,07-06-1988,1949302390,MathewHernandez@yahoo.com,4780853275734317,04/28,H.No. 58 Dhaliwal,345654,Baranagar,Nagaland,India,2016,526191827264,16:27:28
55,8EBF9EBF2,Natalie Snyder,02-02-1982,1475680566,NatalieSnyder@yahoo.com,4049789637361182,03/29,72/03- Dara Ganj,809676,Khora ,Madhya Pradesh,India,2016,383833713183,09:30:12
56,0CFA6CFA5,Christopher Orozco,16-05-2005,9696479055,ChristopherOrozco@hotmail.com,3537383023771948,04/27,H.No. 41 Bhatia,202110,Uluberia,Punjab,India,2020,332630742853,02:39:24
57,1AFB3AFB7,Andre Roberts,22-02-1975,5334866602,AndreRoberts@gmail.com,2262839752929646,12/25,278- Chakraborty Marg,768576,Dewas,Tripura,India,2017,851173800919,10:02:18
58,1FFF6FFF3,Darlene Dalton,12-08-1995,2319827303,DarleneDalton@gmail.com,3529921141497944,02/32,H.No. 127 Ghose Nagar,726565,Rohtak,Rajasthan,India,2016,804331923834,15:33:50
59,4EDA5EDA9,James Davis,21-08-1998,9882598634,JamesDavis@hotmail.com,30434415270672,03/23,96/79 Sharaf,786585,Nanded,Uttarakhand,India,2010,816437748626,11:08:21
60,5BEB6BEB4,Isabella Sullivan,20-02-1984,5410645935,IsabellaSullivan@hotmail.com,4357725666591188,01/30,H.No. 086- Dani Chowk,234568,Jalandhar,Maharashtra,India,2010,192448185020,17:58:11
61,4CEE2CEE6,Amy Atkins,12-10-2000,3359748276,AmyAtkins@gmail.com,5115348184118945,05/23,H.No. 272- Kaul Street,768576,Rourkela,Manipur,India,2021,786011416348,22:14:15
62,8EAF8EAF3,Anthony Green,05-05-2004,8526096934,AnthonyGreen@yahoo.com,180077454223751,09/22,94 Anne Ganj,968576,Jaunpur,Telangana,India,2018,836958207679,03:52:29
63,6FEB9FEB1,Justin Foster,20-11-1983,1721886943,JustinFoster@hotmail.com,6011875039467849,06/23,H.No. 566- Srinivas Marg,530493,Ichalkaranji,Meghalaya,India,2016,864726669947,07:13:42
64,7DEE4DEE9,Joseph Thompson,12-11-2009,2506774135,JosephThompson@hotmail.com,6011952271129039,05/25,86/624- Kannan Marg,768576,Katihar,Arunachal Pradesh,India,2012,521174446091,10:04:32
65,4DBB2DBB2,Michael Riley,27-12-1989,3748361600,MichaelRiley@gmail.com,344400090292712,04/32,H.No. 821- Savant Zila,647989,Narasaraopet,Tripura,India,2021,931761177829,00:41:44
66,8BDD6BDD0,Mary Huynh,23-09-1998,8218083165,MaryHuynh@gmail.com,374391296545859,09/22,H.No. 243- Chander Street,968576,Unnao,Telangana,India,2018,844202553187,07:56:56
67,7BDA5BDA8,Kayla Johnston,16-11-1977,9356146850,KaylaJohnston@hotmail.com,346068424041564,06/22,245 Ravel Circle,599574,Tirunelveli,Meghalaya,India,2013,764040092521,04:28:14
68,1BCB5BCB0,Rachel Stokes,16-12-2006,3787995551,RachelStokes@hotmail.com,6527369039766225,08/29,34 Sarma Zila,584574,Jehanabad,Andhra Pradesh,India,2015,712426486585,05:17:48
69,5DBB3DBB8,Arthur Wilkerson,12-06-1991,4446980788,ArthurWilkerson@hotmail.com,6560068140076858,09/31,78/79 Swaminathan Street,305654,Medininagar,Kerala,India,2013,861312972750,16:54:22
70,3CBD0CBD5,Rachel Miller,05-03-1987,7583058468,RachelMiller@gmail.com,3542822153007717,01/32,792- Dayal,407989,Barasat,Kerala,India,2012,650511914493,04:20:54
71,2BAE5BAE1,David Pearson,30-04-2002,6631647676,DavidPearson@hotmail.com,6011634127554756,07/26,25- Kothari Ganj,358576,Jalandhar,Nagaland,India,2019,652152451165,17:05:08
72,0AEB9AEB0,Danielle Clark,07-02-1970,3422827318,DanielleClark@gmail.com,3506167722012168,12/23,H.No. 991 Varkey Ganj,345654,Sambhal,Goa,India,2019,645264221385,11:57:12
73,6BAB2BAB3,Joseph Gregory,06-03-1976,5864702527,JosephGregory@hotmail.com,4276153152337,08/31,75/978 Soman Road,234568,Surat,Punjab,India,2021,843881472107,07:53:08
74,4DFA0DFA5,Kelsey Mcdaniel,29-12-1992,3572807201,KelseyMcdaniel@yahoo.com,503810543101,03/26,H.No. 68- Sane,784574,Gurgaon,Gujarat,India,2016,393907062318,08:50:40
75,6EDC8EDC1,Laura Serrano,14-10-2000,5867548478,LauraSerrano@hotmail.com,6564037466227326,08/25,H.No. 88- Raj Street,968576,Shivpuri,Bihar,India,2018,362108011929,01:05:18
76,0CAA3CAA4,Richard Jordan,03-12-1994,1167259839,RichardJordan@gmail.com,3594126132244525,11/29,11/60 Chandra Nagar,407989,Raebareli,Haryana,India,2015,191517974363,18:27:05
77,1EFB8EFB5,Elizabeth Kelly,18-02-2008,4709228957,ElizabethKelly@yahoo.com,2294740607124544,12/24,09 Brahmbhatt Path,879676,Indore,Jharkhand,India,2013,616878265282,09:09:56
78,2BFC2BFC3,Eric Christensen,28-06-1986,1373065459,EricChristensen@yahoo.com,30047637089652,12/25,H.No. 22 Chaudhry Road,540493,Nagercoil,Telangana,India,2016,244926012661,15:49:13
79,3BAC8BAC8,Jessica Huffman,10-09-1984,5789122999,JessicaHuffman@hotmail.com,30438071009324,09/30,49/91- Grewal Street,232568,Udupi,Karnataka,India,2021,583940965150,04:59:55
80,2CCC9CCC1,Linda Osborne,21-05-2008,2500960636,LindaOsborne@gmail.com,30402978100123,01/29,23/81 Verma Nagar,232568,Singrauli,Madhya Pradesh,India,2014,160568385936,19:59:52
81,2CFA4CFA1,Stephen Black,31-03-1973,3572933031,StephenBlack@hotmail.com,374229640619725,10/28,62- Raval Circle,394857,Mirzapur,Arunachal Pradesh,India,2020,338673918128,08:44:12
82,1DAF6DAF2,James Morris,06-12-1978,9892864052,JamesMorris@hotmail.com,213179460394351,02/24,54 Deo Nagar,786585,Secunderabad,Jharkhand,India,2013,733336184250,17:03:49
83,2CFD4CFD3,Renee Meadows,15-06-1977,4384118685,ReneeMeadows@yahoo.com,4442743893173560,11/26,H.No. 275 Bhattacharyya Circle,647989,Jaunpur,Madhya Pradesh,India,2018,394724061798,16:20:26
84,5CBC7CBC7,Gary Reynolds,11-11-1989,1694809066,GaryReynolds@hotmail.com,343211892457838,09/29,92/52- Ganesh Nagar,202110,Kota,Mizoram,India,2015,218178974596,03:05:32
85,2DBA8DBA5,Carrie Mullins,15-08-1987,8539541720,CarrieMullins@yahoo.com,2445470553555636,08/22,98/469 Mahajan Nagar,784574,Satara,Andhra Pradesh,India,2017,412084353918,10:53:29
86,4CDD0CDD3,Lisa Pacheco,04-07-1989,174632702,LisaPacheco@yahoo.com,4150337449585799,12/30,233- Boase Zila,232568,Kalyan-Dombivli,Punjab,India,2019,999677609854,19:01:17
87,5BAE5BAE2,William Howard,11-09-2007,4698079936,WilliamHoward@yahoo.com,180015948477195,08/27,16/501 Thaman Path,968576,Proddatur,Gujarat,India,2019,900471807348,21:35:27
88,4FFE4FFE4,Shelby Frazier,25-04-1997,9774509994,ShelbyFrazier@yahoo.com,342674549328770,09/26,H.No. 128 Soni Nagar,786565,Karimnagar,West Bengal,India,2015,606524708843,04:35:19
89,0ABA0ABA1,Angela Hernandez,02-10-1993,792594470,AngelaHernandez@yahoo.com,4531067690500748,12/25,16- Bala Circle,234528,Vasai-Virar,Chhattisgarh,India,2010,546894157959,05:29:26
90,9DCB2DCB7,Donna Mills,19-05-2005,3780650831,DonnaMills@gmail.com,4852397876277,10/26,H.No. 545- Contractor Road,234568,Kolkata,Arunachal Pradesh,India,2021,329592008299,07:06:00
91,7BDE0BDE6,Lawrence Lewis,15-09-1982,6605459039,LawrenceLewis@gmail.com,375195516359424,12/25,28/15- Manne,809676,Tadepalligudem,Goa,India,2016,574726651528,04:25:15
92,0CBB5CBB8,Heather Frey,04-07-1975,5545263329,HeatherFrey@yahoo.com,3593052076910643,09/25,H.No. 936 Kibe,879676,Ghaziabad,Maharashtra,India,2016,704225189726,05:22:37
93,0EBD0EBD1,Natalie Drake,21-02-2001,5758349072,NatalieDrake@yahoo.com,4049630396243,02/32,697- Warrior Path,234568,Pudukkottai,Tamil Nadu,India,2012,496654247469,14:53:00
94,0CAC4CAC4,Kimberly Brown,17-10-2003,7063846144,KimberlyBrown@hotmail.com,4422539920124947,02/27,H.No. 495- Jhaveri Zila,234528,Thanjavur,Tamil Nadu,India,2020,418800569752,18:35:13
95,0CDD7CDD4,Mary Perez,10-09-1975,9485200265,MaryPerez@yahoo.com,378996811983355,10/31,010 Chawla Path,358576,Jehanabad,Tamil Nadu,India,2020,763511243233,23:17:32
96,6AFF0AFF8,Felicia Foster,17-07-2005,4638195548,FeliciaFoster@gmail.com,30390914610158,12/27,41/34- Bali,994857,Katni,Meghalaya,India,2012,932320907789,03:41:36
97,9CBD3CBD0,Kristin Mullins,15-08-1976,5241773747,KristinMullins@gmail.com,30293965646222,07/31,H.No. 395 Devi,239210,Farrukhabad,Manipur,India,2013,934950506097,02:07:08
98,6EAE0EAE7,Brian Velazquez,20-06-1990,7508616405,BrianVelazquez@yahoo.com,581908198038,03/32,H.No. 11 Bhat Street,358576,Begusarai,Haryana,India,2013,394630887138,09:13:29
99,8BCE7BCE1,Daniel Thompson,15-07-1985,1267649380,DanielThompson@hotmail.com,3527920469779653,05/31,H.No. 488- Garde Ganj,394857,Mathura,West Bengal,India,2018,244655314437,10:22:16
100,9ADB5ADB0,Ashley Rivera,27-06-1991,3673485619,AshleyRivera@yahoo.com,30121844066306,02/25,65- Suri Marg,809676,Thane,Himachal Pradesh,India,2018,910298325622,13:30:52
